{"cameraMode":{"drawMode":0,"name":"Shaded","section":"Shading Mode"},"sceneLighting":true,"audioPlay":false,"sceneViewState":{"showFog":true,"showMaterialUpdate":false,"showSkybox":true,"showFlares":true,"showImageEffects":true,"showParticleSystems":true,"showVisualEffectGraphs":true,"m_FxEnabled":true},"in2DMode":false,"pivot":{"x":6.5996317863464359,"y":-35.51668167114258,"z":141.84664916992188},"rotation":{"x":-0.13190189003944398,"y":-0.023200033232569696,"z":0.0030380033422261478,"w":-0.9910807013511658},"size":86.58536529541016,"orthographic":false}